Day_of_week,Age_band_of_driver,Sex_of_driver,Educational_level,Vehicle_driver_relation,Driving_experience,Type_of_vehicle,Owner_of_vehicle,Service_year_of_vehicle,Defect_of_vehicle,Area_accident_occured,Lanes_or_Medians,Road_allignment,Types_of_Junction,Road_surface_type,Road_surface_conditions,Light_conditions,Weather_conditions,Type_of_collision,Number_of_vehicles_involved,Number_of_casualties,Vehicle_movement,Casualty_class,Sex_of_casualty,Age_band_of_casualty,Casualty_severity,Work_of_casuality,Fitness_of_casuality,Pedestrian_movement,Cause_of_accident,Accident_severity
Wednesday,31-50,Male,Junior high school,Employee,5-10yr,Lorry (41?100Q),,2-5yrs,No defect,Residential areas,Two-way (divided with broken lines road marking),Tangent road with flat terrain,Crossing,Asphalt roads,Dry,Daylight,Normal,Vehicle with vehicle collision,3,1,Going straight,Passenger,Female,Over 51,3,Employee,Normal,Not a Pedestrian,Changing lane to the left,Serious Injury
Wednesday,31-50,Male,Junior high school,Employee,Below 1yr,Public (12 seats),Owner,,No defect,Other,Two-way (divided with broken lines road marking),Tangent road with flat terrain,Crossing,Asphalt roads,Dry,Daylight,Normal,Vehicle with vehicle collision,3,1,Reversing,Driver or rider,Male,18-30,3,Driver,Normal,Not a Pedestrian,Driving carelessly,Serious Injury
Sunday,18-30,Male,Elementary school,Employee,5-10yr,,Owner,5-10yrs,No defect,Other,Two-way (divided with broken lines road marking),Tangent road with flat terrain,Crossing,Asphalt roads,Dry,Daylight,Normal,Vehicle with vehicle collision,4,7,Going straight,na,na,na,na,,,Not a Pedestrian,Changing lane to the left,Slight Injury
Sunday,18-30,Male,Junior high school,Employee,2-5yr,Taxi,Governmental,,No defect,Other,Two-way (divided with broken lines road marking),Tangent road with flat terrain,Crossing,Asphalt roads,Dry,Daylight,Normal,Vehicle with vehicle collision,4,7,Reversing,Pedestrian,Male,31-50,2,Driver,Normal,Not a Pedestrian,No distancing,Slight Injury
Sunday,18-30,Male,Junior high school,Employee,5-10yr,,Owner,5-10yrs,,Other,Undivided Two way,Tangent road with flat terrain,Crossing,Asphalt roads,Dry,Daylight,Normal,Vehicle with vehicle collision,4,7,,Driver or rider,Male,18-30,3,Self-employed,Normal,Not a Pedestrian,Changing lane to the right,Slight Injury
Sunday,31-50,Male,Elementary school,Employee,5-10yr,Automobile,Owner,,, Industrial areas,Undivided Two way,Tangent road with flat terrain,Crossing,Asphalt roads,Dry,Daylight,Normal,Vehicle with vehicle collision,4,7,Going straight,na,na,na,na,,,Not a Pedestrian,No distancing,Slight Injury
Sunday,31-50,Male,Junior high school,Employee,Above 10yr,,Owner,5-10yrs,, Industrial areas,Undivided Two way,Tangent road with flat terrain,Crossing,Asphalt roads,Dry,Daylight,Normal,Vehicle with vehicle collision,4,7,Reversing,Driver or rider,Male,18-30,3,Self-employed,Normal,Not a Pedestrian,Driving to the left,Slight Injury
Sunday,31-50,Male,Junior high school,Employee,1-2yr,Lorry (41?100Q),Owner,,No defect, Church areas,Double carriageway (median),Tangent road with flat terrain,Crossing,Asphalt roads,Dry,Daylight,Normal,Vehicle with vehicle collision,4,7,Other,na,na,na,na,Self-employed,Normal,Not a Pedestrian,No distancing,Slight Injury
Sunday,18-30,Male,High school,Employee,Below 1yr,Automobile,Owner,,No defect,Other,Undivided Two way,Tangent road with flat terrain,Crossing,Asphalt roads,Dry,Daylight,Normal,Vehicle with vehicle collision,4,7,Going straight,Driver or rider,Male,31-50,3,,,Not a Pedestrian,Overtaking,Slight Injury
Sunday,18-30,Male,Elementary school,Employee,Above 10yr,Automobile,Owner,Above 10yr,,Other,Undivided Two way,Tangent road with flat terrain,Crossing,Asphalt roads,Dry,Daylight,Normal,Vehicle with vehicle collision,4,7,Going straight,na,na,na,na,Driver,Normal,Not a Pedestrian,Driving under the influence of drugs,Slight Injury
Sunday,Over 51,Male,High school,Owner,1-2yr,Lorry (41?100Q),Owner,Unknown,No defect,Office areas,Undivided Two way,Tangent road with flat terrain,No junction,Asphalt roads,Dry,Daylight,Normal,Vehicle with vehicle collision,1,1,Going straight,Driver or rider,Male,18-30,3,Driver,Normal,Not a Pedestrian,No priority to pedestrian,Slight Injury
Monday,31-50,Male,Junior high school,Employee,2-5yr,Automobile,Owner,Unknown,No defect,Office areas,Undivided Two way,Tangent road with flat terrain,Crossing,Asphalt roads,Dry,Daylight,Normal,Vehicle with vehicle collision,2,1,Moving Backward,na,na,na,na,Other,Normal,Not a Pedestrian,Moving Backward,Slight Injury
Monday,18-30,Male,,Employee,5-10yr,Automobile,Governmental,Below 1yr,,Residential areas,Two-way (divided with broken lines road marking),Tangent road with flat terrain,Crossing,Asphalt roads,Dry,Daylight,Normal,Rollover,2,1,Going straight,Driver or rider,Male,31-50,3,Self-employed,Normal,Not a Pedestrian,Changing lane to the right,Slight Injury
Wednesday,18-30,Male,High school,Owner,2-5yr,Automobile,Owner,Unknown,No defect, Industrial areas,Undivided Two way,Tangent road with flat terrain,Y Shape,Asphalt roads,Dry,Daylight,Normal,Collision with roadside objects,2,1,Going straight,na,na,na,na,Self-employed,Normal,Not a Pedestrian,Changing lane to the left,Slight Injury
Wednesday,31-50,Male,High school,Employee,Above 10yr,Taxi,Owner,,No defect,Office areas,Undivided Two way,Tangent road with flat terrain,Y Shape,Asphalt roads,Dry,Daylight,Normal,Vehicle with vehicle collision,2,1,Going straight,na,na,na,na,Driver,Normal,Not a Pedestrian,Changing lane to the right,Slight Injury
Wednesday,31-50,Male,Junior high school,Employee,1-2yr,,Owner,,No defect,Other,Undivided Two way,Tangent road with flat terrain,Y Shape,Asphalt roads,Dry,Daylight,Normal,Vehicle with vehicle collision,2,1,Going straight,Driver or rider,Female,31-50,3,Employee,Normal,Not a Pedestrian,Driving under the influence of drugs,Slight Injury
Wednesday,18-30,Male,Elementary school,Employee,1-2yr,,Owner,,,Other,Two-way (divided with broken lines road marking),Tangent road with flat terrain,Y Shape,Asphalt roads,Dry,Daylight,Normal,Vehicle with vehicle collision,2,1,Other,Driver or rider,Male,18-30,3,,,Not a Pedestrian,No priority to vehicle,Slight Injury
Friday,18-30,Male,High school,Employee,1-2yr,Automobile,Owner,,No defect,Residential areas,Undivided Two way,Tangent road with flat terrain,No junction,Asphalt roads,Dry,Darkness - lights lit,Normal,Collision with pedestrians,2,1,,na,na,na,na,Driver,Normal,Not a Pedestrian,No priority to vehicle,Serious Injury
Friday,18-30,Male,Above high school,Employee,5-10yr,Pick up upto 10Q,Owner,,,Office areas,Two-way (divided with broken lines road marking),Tangent road with flat terrain,No junction,Asphalt roads,Dry,Darkness - lights lit,Normal,Collision with pedestrians,2,1,Going straight,Passenger,Female,Over 51,3,Driver,Normal,Not a Pedestrian,Changing lane to the left,Serious Injury
Thursday,18-30,Unknown,,,,,Organization,,,Residential areas,other,Tangent road with flat terrain,Crossing,Asphalt roads,Dry,Daylight,Normal,Vehicle with vehicle collision,2,1,Turnover,Passenger,Female,Over 51,3,Driver,Normal,Not a Pedestrian,Changing lane to the right,Slight Injury
Thursday,31-50,Male,Junior high school,Employee,5-10yr,Automobile,Owner,,,Office areas,Two-way (divided with broken lines road marking),Tangent road with flat terrain,Crossing,Asphalt roads,Dry,Daylight,Normal,Vehicle with vehicle collision,2,1,Going straight,Passenger,Female,18-30,3,Self-employed,Normal,Not a Pedestrian,Changing lane to the right,Slight Injury
Thursday,Over 51,Male,Elementary school,Owner,5-10yr,Public (12 seats),,,, Church areas,Two-way (divided with broken lines road marking),Tangent road with flat terrain,No junction,Asphalt roads,Dry,Daylight,Normal,Collision with pedestrians,1,1,Moving Backward,Passenger,Male,Under 18,3,,Normal,Not a Pedestrian,Changing lane to the left,Serious Injury
Sunday,Under 18,Male,Elementary school,Employee,5-10yr,Public (13?45 seats),Organization,5-10yrs,,Residential areas,Two-way (divided with broken lines road marking),Tangent road with flat terrain,Y Shape,Asphalt roads,Dry,Daylight,Normal,Collision with pedestrians,3,6,Moving Backward,Passenger,Male,5,3,Other,Normal,Not a Pedestrian,Changing lane to the left,Slight Injury
Sunday,Under 18,Male,High school,Owner,5-10yr,Lorry (11?40Q),Owner,Above 10yr,,School areas,other,Tangent road with flat terrain,Y Shape,Asphalt roads,Dry,Daylight,Normal,Collision with pedestrians,3,6,Going straight,Passenger,Female,18-30,3,Driver,Normal,Not a Pedestrian,Getting off the vehicle improperly,Slight Injury
Sunday,31-50,Male,Junior high school,Employee,5-10yr,Stationwagen,Owner,5-10yrs,, Hospital areas,other,Steep grade downward with mountainous terrain,Y Shape,Earth roads,Dry,Daylight,Normal,Vehicle with vehicle collision,3,6,Other,Passenger,Female,Under 18,3,Driver,Normal,Not a Pedestrian,Overtaking,Slight Injury
Sunday,31-50,Male,Junior high school,Owner,1-2yr,Ridden horse,Owner,2-5yrs,,Other,Undivided Two way,Tangent road with flat terrain,Y Shape,Asphalt roads,Dry,Daylight,Normal,Collision with roadside objects,3,6,Going straight,Passenger,Female,18-30,3,Driver,Normal,Not a Pedestrian,Changing lane to the left,Slight Injury
Sunday,31-50,Male,Junior high school,Employee,2-5yr,Stationwagen,Owner,,,School areas,Double carriageway (median),Tangent road with flat terrain,Y Shape,,Dry,Daylight,Normal,Vehicle with vehicle collision,3,6,Going straight,Passenger,Female,Under 18,3,,,Not a Pedestrian,Driving under the influence of drugs,Slight Injury
Sunday,31-50,Male,Junior high school,Owner,5-10yr,Automobile,Owner,Above 10yr,No defect,Other,other,Tangent road with flat terrain,Y Shape,,Dry,Daylight,Normal,Vehicle with vehicle collision,3,6,Going straight,Passenger,Female,Under 18,3,Driver,Normal,Not a Pedestrian,Driving carelessly,Slight Injury
Saturday,Under 18,Male,Junior high school,Owner,Above 10yr,Automobile,Owner,5-10yrs,, Industrial areas,Undivided Two way,Tangent road with flat terrain,Crossing,Asphalt roads,Dry,Daylight,Normal,Collision with roadside objects,2,1,Going straight,Passenger,Female,Under 18,3,Driver,Normal,Not a Pedestrian,Moving Backward,Slight Injury
Saturday,31-50,Male,High school,Employee,5-10yr,Other,Owner,Unknown,No defect, Church areas,Two-way (divided with broken lines road marking),Tangent road with flat terrain,Crossing,Earth roads,Dry,Daylight,Normal,Vehicle with vehicle collision,2,1,Going straight,Pedestrian,Male,18-30,3,,,"In carriageway, statioNot a Pedestrianry - not crossing  (standing or playing)",No distancing,Slight Injury
Thursday,18-30,Male,High school,Owner,2-5yr,Taxi,Owner,,No defect,Office areas,Two-way (divided with broken lines road marking),Tangent road with flat terrain,Y Shape,Asphalt roads,Dry,Daylight,Normal,Vehicle with vehicle collision,2,1,Going straight,Driver or rider,Male,31-50,3,Driver,Normal,Not a Pedestrian,No priority to vehicle,Slight Injury
Thursday,Under 18,Male,Junior high school,Employee,5-10yr,Automobile,Owner,,No defect,Other,Two-way (divided with broken lines road marking),Tangent road with flat terrain,Y Shape,Asphalt roads,Dry,Daylight,Normal,Vehicle with vehicle collision,2,1,Going straight,na,na,na,na,Driver,Normal,Not a Pedestrian,Overturning,Slight Injury
Saturday,18-30,Male,Elementary school,Employee,2-5yr,Stationwagen,Owner,,No defect,Office areas,Double carriageway (median),Tangent road with flat terrain,No junction,Earth roads,Dry,Daylight,Normal,Vehicle with vehicle collision,1,1,Going straight,Driver or rider,Male,31-50,3,Self-employed,Normal,Not a Pedestrian,Changing lane to the left,Slight Injury
Tuesday,Over 51,Male,Elementary school,Employee,5-10yr,Automobile,Owner,,No defect,Office areas,Double carriageway (median),Tangent road with flat terrain,Y Shape,Asphalt roads,Dry,Daylight,Normal,Collision with pedestrians,2,1,Other,Driver or rider,Male,18-30,3,Driver,Normal,Not a Pedestrian,No distancing,Slight Injury
Tuesday,31-50,Male,Junior high school,Employee,1-2yr,Public (12 seats),Governmental,,No defect,Office areas,Double carriageway (median),Tangent road with flat terrain,Y Shape,Asphalt roads,Dry,Daylight,Normal,Rollover,2,1,Going straight,Passenger,Female,31-50,3,Driver,Normal,Not a Pedestrian,Moving Backward,Slight Injury
Wednesday,18-30,Male,Junior high school,Employee,5-10yr,,Owner,,No defect,Residential areas,Double carriageway (median),Tangent road with flat terrain,Y Shape,Asphalt roads,Dry,Darkness - lights lit,Normal,Vehicle with vehicle collision,2,1,Overtaking,na,na,na,na,Driver,Normal,Not a Pedestrian,No priority to vehicle,Slight Injury
Wednesday,Over 51,Male,,,,Automobile,Owner,,No defect,Office areas,Double carriageway (median),Tangent road with flat terrain,Y Shape,Asphalt roads,Dry,Darkness - lights lit,Normal,Vehicle with vehicle collision,2,1,Going straight,Driver or rider,Male,Under 18,3,Driver,Normal,Not a Pedestrian,No priority to vehicle,Slight Injury
Monday,18-30,Male,Elementary school,Employee,Above 10yr,Lorry (41?100Q),Owner,2-5yrs,,Other,Undivided Two way,Tangent road with flat terrain,Y Shape,Asphalt roads,Dry,Daylight,Normal,Vehicle with vehicle collision,2,1,Going straight,na,na,na,na,Driver,Normal,Not a Pedestrian,No distancing,Slight Injury
Monday,31-50,Male,Elementary school,Employee,Below 1yr,,Owner,2-5yrs,, Industrial areas,One way,,Y Shape,Asphalt roads,Dry,Daylight,Normal,Collision with roadside objects,2,1,Going straight,Passenger,Female,18-30,3,Driver,Normal,Not a Pedestrian,No distancing,Slight Injury
Monday,18-30,Male,Junior high school,Employee,2-5yr,Public (> 45 seats),Owner,,No defect,Other,One way,Tangent road with flat terrain,Y Shape,Asphalt roads,Wet or damp,Daylight,Raining,Vehicle with vehicle collision,2,1,U-Turn,Passenger,Female,31-50,3,Driver,Normal,Not a Pedestrian,Overtaking,Slight Injury
Monday,Over 51,Male,Elementary school,Owner,1-2yr,,Owner,,No defect,Office areas,Double carriageway (median),Tangent road with flat terrain,Y Shape,Asphalt roads,Wet or damp,Daylight,Raining,Rollover,2,1,Going straight,Driver or rider,Female,18-30,3,,,Not a Pedestrian,Driving under the influence of drugs,Slight Injury
Saturday,18-30,Male,Junior high school,Owner,5-10yr,Public (12 seats),Governmental,Unknown,,Office areas,Two-way (divided with broken lines road marking),Tangent road with flat terrain,Crossing,Asphalt roads,Dry,Daylight,Normal,Collision with roadside objects,2,3,Going straight,na,na,na,na,Driver,Normal,Not a Pedestrian,Changing lane to the right,Slight Injury
Saturday,31-50,Male,Junior high school,Employee,2-5yr,Public (12 seats),Governmental,,No defect,,Double carriageway (median),Tangent road with flat terrain,Crossing,Asphalt roads,Dry,Daylight,Normal,Vehicle with vehicle collision,2,3,Going straight,Driver or rider,Female,18-30,3,,,Not a Pedestrian,Changing lane to the left,Slight Injury
Saturday,31-50,Male,Junior high school,Employee,2-5yr,Automobile,Owner,,,Other,,Tangent road with flat terrain,Crossing,Asphalt roads,Dry,Daylight,Normal,Vehicle with vehicle collision,2,3,Going straight,Pedestrian,Female,18-30,3,Driver,Normal,Not a Pedestrian,Driving carelessly,Slight Injury
Saturday,31-50,Male,High school,Employee,2-5yr,,Owner,Unknown,,Office areas,Double carriageway (median),Tangent road with flat terrain,Crossing,Asphalt roads,Dry,Daylight,Normal,Vehicle with vehicle collision,2,3,Turnover,Pedestrian,Male,31-50,3,Other,Normal,"In carriageway, statioNot a Pedestrianry - not crossing  (standing or playing)",Moving Backward,Slight Injury
Sunday,18-30,Male,Junior high school,Employee,Above 10yr,Automobile,Owner,,No defect,Office areas,Two-way (divided with broken lines road marking),Tangent road with flat terrain,No junction,Asphalt roads with some distress,Wet or damp,Daylight,Normal,Vehicle with vehicle collision,2,1,Going straight,Pedestrian,Female,18-30,3,Self-employed,Normal,"In carriageway, statioNot a Pedestrianry - not crossing  (standing or playing)",Moving Backward,Slight Injury
Sunday,18-30,Male,Junior high school,Employee,2-5yr,Lorry (41?100Q),Owner,5-10yrs,,Office areas,Undivided Two way,Tangent road with flat terrain,No junction,Asphalt roads,Wet or damp,Daylight,Normal,Vehicle with vehicle collision,2,1,Going straight,na,na,na,na,Driver,Normal,Not a Pedestrian,Changing lane to the right,Slight Injury
Friday,Over 51,Male,Junior high school,Employee,1-2yr,Public (12 seats),Owner,,,Other,Undivided Two way,Tangent road with flat terrain,Crossing,Asphalt roads,Dry,Daylight,Normal,Vehicle with vehicle collision,3,1,Moving Backward,Driver or rider,Male,18-30,3,,,Not a Pedestrian,No priority to vehicle,Slight Injury
Friday,31-50,Male,Junior high school,Employee,2-5yr,Lorry (11?40Q),Owner,,No defect,Other,Undivided Two way,Tangent road with flat terrain,Crossing,Asphalt roads,Dry,Daylight,Normal,Collision with pedestrians,3,1,Going straight,na,na,na,na,Self-employed,Normal,Not a Pedestrian,Driving at high speed,Slight Injury
Friday,18-30,Male,Junior high school,Employee,5-10yr,Automobile,Owner,,No defect,  Recreational areas,Undivided Two way,Tangent road with flat terrain,Crossing,Asphalt roads,Dry,Daylight,Normal,Vehicle with vehicle collision,3,1,Moving Backward,Driver or rider,Male,31-50,3,,,Not a Pedestrian,Driving under the influence of drugs,Slight Injury
Saturday,Under 18,Male,Junior high school,Employee,1-2yr,Automobile,Owner,,No defect, Church areas,Undivided Two way,Tangent road with flat terrain,Y Shape,Asphalt roads,Dry,Daylight,Normal,Vehicle with vehicle collision,2,1,Going straight,na,na,na,na,,,Not a Pedestrian,Changing lane to the right,Slight Injury
Saturday,31-50,Male,Elementary school,Employee,1-2yr,Automobile,Other,1-2yr,No defect,  Recreational areas,other,Tangent road with flat terrain,Y Shape,Asphalt roads,Dry,Daylight,Normal,Collision with roadside objects,2,1,Going straight,Driver or rider,Male,Over 51,3,Driver,,Not a Pedestrian,Driving carelessly,Slight Injury
Friday,31-50,Male,Junior high school,Employee,2-5yr,Bajaj,Owner,5-10yrs,No defect,School areas,other,Tangent road with flat terrain,Y Shape,Asphalt roads,Dry,Daylight,Normal,Vehicle with vehicle collision,3,2,Going straight,na,na,na,na,,,Not a Pedestrian,No distancing,Slight Injury
Friday,18-30,Male,Junior high school,Employee,Above 10yr,Public (12 seats),Owner,,No defect, Church areas,Double carriageway (median),Tangent road with flat terrain,Y Shape,Asphalt roads,Dry,Daylight,Normal,Vehicle with vehicle collision,3,2,Going straight,Driver or rider,Male,31-50,3,Unemployed,Normal,Not a Pedestrian,Changing lane to the left,Slight Injury
Friday,31-50,Male,Junior high school,Employee,Below 1yr,Lorry (11?40Q),Owner,5-10yrs,,Office areas,,Tangent road with flat terrain,Y Shape,Asphalt roads,Dry,Daylight,Normal,Vehicle with vehicle collision,3,2,U-Turn,Driver or rider,Male,18-30,3,Driver,Normal,Not a Pedestrian,No distancing,Slight Injury
Sunday,Unknown,Female,Junior high school,Employee,Above 10yr,,Owner,2-5yrs,,Residential areas,One way,Steep grade downward with mountainous terrain,Y Shape,Asphalt roads,Dry,Darkness - lights lit,Normal,Collision with roadside objects,1,1,Going straight,na,na,na,na,Driver,Normal,Not a Pedestrian,No distancing,Slight Injury
Thursday,31-50,Male,Elementary school,Owner,5-10yr,,Owner,,No defect,Other,One way,Tangent road with flat terrain,No junction,Asphalt roads,Dry,Daylight,Normal,Vehicle with vehicle collision,2,1,Going straight,Driver or rider,Male,31-50,3,Driver,Normal,Not a Pedestrian,Getting off the vehicle improperly,Slight Injury
Thursday,31-50,Male,Elementary school,Employee,Above 10yr,Automobile,Owner,,No defect,Other,Undivided Two way,Tangent road with flat terrain,No junction,Asphalt roads,Dry,Daylight,Normal,Vehicle with vehicle collision,2,1,Going straight,na,na,na,na,,,Not a Pedestrian,Overtaking,Slight Injury
Saturday,18-30,Male,Junior high school,Employee,1-2yr,Lorry (11?40Q),Governmental,1-2yr,No defect, Industrial areas,One way,Tangent road with flat terrain,Y Shape,Asphalt roads,Wet or damp,Daylight,Normal,Vehicle with vehicle collision,2,2,Going straight,Driver or rider,Male,31-50,3,Driver,Normal,Not a Pedestrian,Driving carelessly,Slight Injury
Saturday,31-50,Male,,,,Lorry (41?100Q),Governmental,1-2yr,No defect, Church areas,other,Steep grade downward with mountainous terrain,Y Shape,Asphalt roads,Wet or damp,Daylight,Normal,Vehicle with vehicle collision,2,2,Going straight,na,na,na,na,Driver,Normal,Not a Pedestrian,Driving under the influence of drugs,Slight Injury
Wednesday,Over 51,Male,High school,Owner,5-10yr,Pick up upto 10Q,Organization,1-2yr,No defect,Office areas,other,Tangent road with flat terrain,Unknown,Asphalt roads,Wet or damp,Daylight,Raining,Vehicle with vehicle collision,2,2,Going straight,Driver or rider,Male,31-50,2,Self-employed,Normal,Not a Pedestrian,Moving Backward,Slight Injury
Wednesday,31-50,Male,Elementary school,Employee,2-5yr,Lorry (11?40Q),Owner,Unknown,No defect,Office areas,Undivided Two way,Tangent road with flat terrain,Unknown,Asphalt roads,Wet or damp,Daylight,Raining,Vehicle with vehicle collision,2,2,Stopping,na,na,na,na,Driver,Normal,Not a Pedestrian,Overturning,Slight Injury
Wednesday,31-50,Male,,,,Stationwagen,Owner,,,Office areas,Double carriageway (median),Tangent road with flat terrain,Unknown,Asphalt roads,Wet or damp,Daylight,Raining,Vehicle with vehicle collision,2,2,Turnover,na,na,na,na,,,Not a Pedestrian,Driving under the influence of drugs,Slight Injury
Wednesday,Under 18,Male,,,,Other,Owner,2-5yrs,,Other,Two-way (divided with broken lines road marking),Tangent road with flat terrain,Unknown,Asphalt roads,Dry,Daylight,Normal,Collision with roadside objects,2,1,Getting off,Driver or rider,Female,18-30,3,Unknown,Normal,Not a Pedestrian,Changing lane to the right,Slight Injury
Wednesday,31-50,Male,High school,Owner,1-2yr,Other,Owner,,,Office areas,Undivided Two way,Tangent road with flat terrain,Unknown,Asphalt roads,Dry,Daylight,Normal,Vehicle with vehicle collision,2,1,Moving Backward,Driver or rider,Male,18-30,3,Driver,Normal,Not a Pedestrian,Changing lane to the left,Slight Injury
Thursday,18-30,Male,Junior high school,Employee,1-2yr,Lorry (11?40Q),Owner,,No defect,Other,Double carriageway (median),Tangent road with flat terrain,Crossing,Gravel roads,Dry,Daylight,Normal,Vehicle with vehicle collision,2,1,Moving Backward,na,na,na,na,,,Not a Pedestrian,No distancing,Slight Injury
Thursday,31-50,Male,Junior high school,Employee,1-2yr,,Owner,Above 10yr,No defect, Industrial areas,Two-way (divided with broken lines road marking),Tangent road with flat terrain,Crossing,Asphalt roads,Dry,Daylight,Normal,Vehicle with vehicle collision,2,1,Going straight,Passenger,Female,Over 51,3,Driver,Normal,Not a Pedestrian,No distancing,Slight Injury
Monday,Under 18,Male,Junior high school,Employee,Above 10yr,Automobile,Owner,,No defect,Residential areas,other,Tangent road with flat terrain,Crossing,Asphalt roads,Wet or damp,Daylight,Raining,Vehicle with vehicle collision,2,1,Turnover,Pedestrian,Female,18-30,3,Other,Normal,"In carriageway, statioNot a Pedestrianry - not crossing  (standing or playing)",No priority to vehicle,Slight Injury
Monday,18-30,Male,Junior high school,Employee,1-2yr,Lorry (41?100Q),Owner,,No defect,Other,Two-way (divided with broken lines road marking),Tangent road with flat terrain,Crossing,Asphalt roads,Wet or damp,Daylight,Raining,Vehicle with vehicle collision,2,1,Going straight,Driver or rider,Female,Over 51,3,Other,Normal,Not a Pedestrian,Moving Backward,Slight Injury
Tuesday,31-50,Male,High school,Owner,Above 10yr,Other,Owner,5-10yrs,,Other,One way,Tangent road with flat terrain,Y Shape,Asphalt roads,Dry,Daylight,Normal,Vehicle with vehicle collision,2,2,Going straight,na,na,na,na,Self-employed,Normal,Not a Pedestrian,Moving Backward,Slight Injury
Tuesday,31-50,Male,Junior high school,Employee,Above 10yr,Lorry (41?100Q),Owner,1-2yr,No defect,Other,One way,Tangent road with flat terrain,Y Shape,Asphalt roads,Dry,Daylight,Normal,Vehicle with vehicle collision,2,2,U-Turn,na,na,na,na,Driver,Normal,Not a Pedestrian,Getting off the vehicle improperly,Slight Injury
Tuesday,18-30,Male,Junior high school,Employee,1-2yr,Automobile,Owner,,,Other,Undivided Two way,Tangent road with flat terrain,Y Shape,Asphalt roads,Dry,Daylight,Normal,Collision with roadside objects,2,2,Going straight,Driver or rider,Male,18-30,3,Driver,Normal,Not a Pedestrian,Changing lane to the left,Slight Injury
Friday,18-30,Male,Junior high school,Employee,1-2yr,Pick up upto 10Q,,,,Other,Two-way (divided with broken lines road marking),Tangent road with flat terrain,Y Shape,Asphalt roads,Dry,Daylight,Normal,Rollover,2,1,Going straight,Driver or rider,Male,18-30,3,Driver,Normal,Not a Pedestrian,Changing lane to the left,Slight Injury
Friday,Under 18,Male,High school,Employee,2-5yr,Lorry (41?100Q),Governmental,Below 1yr,No defect,Residential areas,other,Steep grade downward with mountainous terrain,Y Shape,Asphalt roads,Dry,Daylight,Normal,Vehicle with vehicle collision,2,1,U-Turn,na,na,na,na,,,Not a Pedestrian,No priority to vehicle,Slight Injury
Monday,Over 51,Male,Junior high school,Employee,2-5yr,Public (13?45 seats),Owner,,No defect,Office areas,Two-way (divided with broken lines road marking),Tangent road with flat terrain,Y Shape,Asphalt roads,Wet or damp,Daylight,Raining,Vehicle with vehicle collision,1,1,Stopping,Pedestrian,Female,Under 18,3,,,Crossing from nearside - masked by parked or statioNot a Pedestrianry vehicle,Changing lane to the right,Slight Injury
Sunday,18-30,Male,Junior high school,Employee,1-2yr,Long lorry,Owner,,,Office areas,Two-way (divided with broken lines road marking),Tangent road with flat terrain,Y Shape,Asphalt roads,Dry,Daylight,Normal,Vehicle with vehicle collision,2,2,Going straight,Pedestrian,Female,Under 18,3,Driver,Normal,Crossing from nearside - masked by parked or statioNot a Pedestrianry vehicle,Changing lane to the right,Slight Injury
Sunday,31-50,Male,Elementary school,Employee,5-10yr,Automobile,Owner,Unknown,No defect,Other,Two-way (divided with broken lines road marking),Tangent road with flat terrain,Y Shape,Asphalt roads,Dry,Daylight,Normal,Vehicle with vehicle collision,2,2,Moving Backward,Pedestrian,Male,31-50,3,Other,Normal,Crossing from offside - masked by  parked or statioNot a Pedestrianry vehicle,Driving carelessly,Slight Injury
Wednesday,31-50,Male,Junior high school,Employee,5-10yr,Automobile,Owner,Above 10yr,No defect,Other,One way,Tangent road with flat terrain,Unknown,Asphalt roads,Wet or damp,Daylight,Normal,Vehicle with vehicle collision,3,2,Getting off,Passenger,Female,18-30,3,Driver,Normal,Not a Pedestrian,Changing lane to the left,Slight Injury
Wednesday,31-50,Male,Junior high school,Employee,1-2yr,Other,Owner,,No defect,Office areas,Two-way (divided with broken lines road marking),Tangent road with flat terrain,Unknown,Asphalt roads,Wet or damp,Daylight,Normal,Vehicle with vehicle collision,3,2,Going straight,Driver or rider,Male,18-30,3,,,Not a Pedestrian,Changing lane to the right,Slight Injury
Wednesday,18-30,Male,Elementary school,Other,5-10yr,,Owner,2-5yrs,,Office areas,Undivided Two way,Tangent road with flat terrain,Unknown,Asphalt roads,Wet or damp,Daylight,Normal,Vehicle with vehicle collision,3,2,Going straight,Passenger,Female,18-30,3,Driver,Normal,Not a Pedestrian,Driving under the influence of drugs,Slight Injury
Wednesday,18-30,Male,Junior high school,Employee,2-5yr,Long lorry,Owner,,No defect,Other,Two-way (divided with broken lines road marking),Tangent road with flat terrain,Y Shape,Gravel roads,Dry,Daylight,Normal,Vehicle with vehicle collision,2,1,Turnover,Driver or rider,Male,Over 51,3,Driver,Normal,Not a Pedestrian,Driving carelessly,Slight Injury
Wednesday,18-30,Male,Elementary school,Employee,5-10yr,Public (12 seats),Owner,,No defect,Other,Two-way (divided with broken lines road marking),Tangent road with flat terrain,Y Shape,Asphalt roads,Dry,Daylight,Normal,Collision with roadside objects,2,1,Moving Backward,Passenger,Male,31-50,3,Employee,Normal,Not a Pedestrian,No distancing,Slight Injury
Sunday,Unknown,Female,Junior high school,Employee,Above 10yr,Public (12 seats),Governmental,Unknown,,Residential areas,Two-way (divided with broken lines road marking),Tangent road with flat terrain,No junction,Asphalt roads,Dry,Darkness - lights lit,Normal,Vehicle with vehicle collision,2,1,Going straight,Passenger,Male,18-30,3,,,Not a Pedestrian,No priority to vehicle,Slight Injury