Day_of_week,Age_band_of_driver,Sex_of_driver,Educational_level,Vehicle_driver_relation,Driving_experience,Type_of_vehicle,Owner_of_vehicle,Service_year_of_vehicle,Defect_of_vehicle,Area_accident_occured,Lanes_or_Medians,Road_allignment,Types_of_Junction,Road_surface_type,Road_surface_conditions,Light_conditions,Weather_conditions,Type_of_collision,Number_of_vehicles_involved,Number_of_casualties,Vehicle_movement,Casualty_class,Sex_of_casualty,Age_band_of_casualty,Casualty_severity,Work_of_casuality,Fitness_of_casuality,Pedestrian_movement,Cause_of_accident,Accident_severity
Saturday,31-50,Male,Junior high school,Employee,5-10yr,Automobile,Owner,Unknown,No defect,Office areas,Undivided Two way,Tangent road with flat terrain,,Asphalt roads,Dry,Darkness - lights unlit,Normal,Vehicle with vehicle collision,2,1,Going straight,Driver or rider,Male,18-30,3,Self-employed,Normal,Not a Pedestrian,Changing lane to the left,Slight Injury
Saturday,18-30,Male,Above high school,Employee,5-10yr,Public (13?45 seats),Owner,Unknown,No defect,Other,other,Steep grade downward with mountainous terrain,,Asphalt roads,Wet or damp,Darkness - lights lit,Normal,Collision with roadside objects,2,1,Getting off,Pedestrian,Female,Under 18,3,Self-employed,Normal,Crossing from nearside - masked by parked or statioNot a Pedestrianry vehicle,Changing lane to the right,Slight Injury
Friday,Over 51,Male,Junior high school,Employee,Above 10yr,Public (13?45 seats),Owner,2-5yrs,No defect,Other,other,Tangent road with flat terrain,,Asphalt roads,Wet or damp,Darkness - lights lit,Normal,Collision with pedestrians,2,1,Moving Backward,Pedestrian,Female,31-50,3,Driver,Normal,Crossing from nearside - masked by parked or statioNot a Pedestrianry vehicle,No distancing,Slight Injury
Tuesday,Over 51,Male,Elementary school,Employee,2-5yr,Automobile,Owner,Unknown,,Other,Two-way (divided with broken lines road marking),Tangent road with flat terrain,,Asphalt roads,Dry,Darkness - lights lit,Normal,Vehicle with vehicle collision,1,2,Going straight,Driver or rider,Female,18-30,3,Employee,Normal,Not a Pedestrian,Driving at high speed,Slight Injury
Tuesday,Over 51,Male,Junior high school,Employee,5-10yr,Lorry (11?40Q),Owner,2-5yrs,,Other,One way,Tangent road with flat terrain,,Asphalt roads,Dry,Darkness - lights lit,Normal,Vehicle with vehicle collision,1,2,Turnover,na,na,na,na,,Normal,Not a Pedestrian,Changing lane to the right,Slight Injury
Saturday,31-50,Male,,,,Automobile,Owner,Above 10yr,No defect, Church areas,Two-way (divided with broken lines road marking),Tangent road with mild grade and flat terrain,,Asphalt roads,Dry,Daylight,Normal,Vehicle with vehicle collision,2,1,Going straight,Pedestrian,Female,18-30,3,,,Crossing from nearside - masked by parked or statioNot a Pedestrianry vehicle,No priority to vehicle,Serious Injury
Saturday,31-50,Male,Junior high school,Employee,5-10yr,Lorry (41?100Q),Governmental,2-5yrs,No defect,Residential areas,Two-way (divided with broken lines road marking),Tangent road with flat terrain,,Asphalt roads,Dry,Daylight,Normal,Vehicle with vehicle collision,2,1,,Driver or rider,Female,18-30,3,,,Not a Pedestrian,No distancing,Serious Injury
Saturday,18-30,Male,Junior high school,Employee,,Other,Owner,2-5yrs,No defect,Office areas,Two-way (divided with broken lines road marking),Tangent road with mild grade and flat terrain,,Asphalt roads,Wet or damp,Darkness - lights lit,Normal,Vehicle with vehicle collision,1,1,Going straight,na,na,na,na,,,Not a Pedestrian,Turnover,Serious Injury
Monday,31-50,Male,Junior high school,Employee,,Pick up upto 10Q,Owner,2-5yrs,No defect,Other,Two-way (divided with broken lines road marking),Tangent road with flat terrain,,Asphalt roads,Dry,Daylight,Normal,Vehicle with vehicle collision,2,2,Going straight,Driver or rider,Male,18-30,3,Self-employed,Normal,Not a Pedestrian,No distancing,Slight Injury
Monday,Over 51,Male,Junior high school,Employee,1-2yr,Lorry (11?40Q),Owner,2-5yrs,No defect,Office areas,Two-way (divided with broken lines road marking),Tangent road with mild grade and flat terrain,,Asphalt roads,Dry,Daylight,Normal,Vehicle with vehicle collision,2,2,Going straight,Pedestrian,Female,Under 18,3,Driver,Normal,Crossing from nearside - masked by parked or statioNot a Pedestrianry vehicle,Changing lane to the right,Slight Injury
Thursday,18-30,Male,Above high school,Owner,5-10yr,Motorcycle,Owner,2-5yrs,No defect,Other,Two-way (divided with broken lines road marking),Tangent road with flat terrain,,Asphalt roads,Dry,Daylight,Normal,Collision with roadside objects,2,2,Going straight,Pedestrian,Male,Over 51,2,,,Not a Pedestrian,No distancing,Slight Injury
Wednesday,18-30,Male,Junior high school,Employee,2-5yr,Pick up upto 10Q,Owner,1-2yr,No defect, Church areas,Undivided Two way,Tangent road with flat terrain,,Asphalt roads,Dry,Darkness - lights lit,Normal,Rollover,2,3,Turnover,Pedestrian,Male,Under 18,3,,,Not a Pedestrian,Changing lane to the left,Serious Injury
Wednesday,31-50,Male,Junior high school,Owner,5-10yr,Lorry (11?40Q),Owner,Unknown,No defect,Office areas,Two-way (divided with broken lines road marking),Tangent road with flat terrain,,Asphalt roads,Dry,Darkness - lights lit,Normal,Vehicle with vehicle collision,2,3,Turnover,na,na,na,na,Driver,Normal,Not a Pedestrian,Driving carelessly,Serious Injury
Tuesday,31-50,Male,High school,Employee,2-5yr,Lorry (11?40Q),Owner,Unknown,No defect,Other,Two-way (divided with broken lines road marking),Tangent road with flat terrain,,Asphalt roads,Dry,Darkness - lights lit,Normal,Collision with pedestrians,2,3,Going straight,Driver or rider,Male,18-30,3,Driver,Normal,Not a Pedestrian,Changing lane to the right,Serious Injury
Friday,31-50,Female,Junior high school,Employee,Above 10yr,Automobile,Owner,Unknown,No defect,Other,Two-way (divided with broken lines road marking),Tangent road with flat terrain,,Asphalt roads,Dry,Darkness - lights lit,Normal,Vehicle with vehicle collision,2,3,Getting off,na,na,na,na,Self-employed,Normal,Not a Pedestrian,No priority to vehicle,Serious Injury
Friday,31-50,Male,Junior high school,Employee,Below 1yr,Automobile,Owner,Above 10yr,,School areas,Two-way (divided with broken lines road marking),Tangent road with flat terrain,,Asphalt roads,Dry,Daylight,Normal,Vehicle with vehicle collision,1,1,Getting off,Driver or rider,Male,31-50,3,Driver,Normal,Not a Pedestrian,No distancing,Slight Injury
Friday,31-50,Male,Junior high school,Employee,Below 1yr,Other,Owner,Unknown,No defect, Church areas,Double carriageway (median),Tangent road with mild grade and flat terrain,,Asphalt roads,Dry,Darkness - lights lit,Normal,Collision with pedestrians,1,1,Going straight,na,na,na,na,Driver,Normal,Not a Pedestrian,No priority to pedestrian,Slight Injury
Friday,18-30,Male,,Owner,,Other,Owner,Unknown,,School areas,Undivided Two way,Tangent road with flat terrain,,Other,Dry,Daylight,Normal,Collision with pedestrians,2,1,Overtaking,Driver or rider,Male,Under 18,3,Self-employed,Normal,Not a Pedestrian,No priority to pedestrian,Slight Injury
Friday,18-30,Male,Junior high school,Employee,2-5yr,Automobile,Owner,2-5yrs,No defect,Residential areas,Double carriageway (median),Tangent road with flat terrain,,Asphalt roads,Dry,Daylight,Normal,Vehicle with vehicle collision,2,1,Reversing,Driver or rider,Male,18-30,3,Self-employed,Normal,Not a Pedestrian,No priority to vehicle,Slight Injury
Friday,18-30,Male,,,,Taxi,,,,Office areas,Two-way (divided with broken lines road marking),Tangent road with flat terrain,,Asphalt roads,Dry,Darkness - lights lit,Normal,Vehicle with vehicle collision,2,1,Going straight,na,na,na,na,Driver,Normal,Not a Pedestrian,Changing lane to the left,Slight Injury
Friday,31-50,Male,Elementary school,Employee,No Licence,Other,Owner,Unknown,,Office areas,Undivided Two way,Tangent road with flat terrain,,Asphalt roads,Dry,Darkness - lights lit,Normal,Vehicle with vehicle collision,2,1,Getting off,na,na,na,na,Self-employed,Normal,Not a Pedestrian,Changing lane to the left,Slight Injury
Friday,18-30,Male,Junior high school,Employee,Above 10yr,Taxi,Governmental,5-10yrs,No defect, Church areas,Two-way (divided with broken lines road marking),Tangent road with flat terrain,,Asphalt roads,Dry,Darkness - lights lit,Normal,Vehicle with vehicle collision,2,1,Getting off,Driver or rider,Male,18-30,3,,,Not a Pedestrian,No distancing,Slight Injury
Friday,31-50,Male,Junior high school,Owner,Above 10yr,Lorry (11?40Q),Owner,2-5yrs,,Residential areas,Undivided Two way,Tangent road with flat terrain,,Asphalt roads,Dry,Darkness - lights lit,Normal,Vehicle with vehicle collision,2,1,Reversing,Pedestrian,Male,31-50,3,,,Not a Pedestrian,No priority to vehicle,Slight Injury
Friday,18-30,Male,Junior high school,Employee,Above 10yr,Automobile,Owner,Unknown,No defect,Office areas,other,Tangent road with flat terrain,,Asphalt roads,Dry,Darkness - lights lit,Normal,Collision with roadside objects,1,1,Turnover,Driver or rider,Male,Under 18,3,,,Not a Pedestrian,No distancing,Slight Injury
Wednesday,31-50,Male,Junior high school,Employee,Above 10yr,Other,Owner,2-5yrs,No defect,Residential areas,One way,Tangent road with flat terrain,,Asphalt roads,Wet or damp,Darkness - lights lit,Raining,Vehicle with vehicle collision,2,1,Moving Backward,na,na,na,na,Self-employed,Normal,Not a Pedestrian,No distancing,Slight Injury
Sunday,Unknown,Male,Junior high school,Owner,5-10yr,Automobile,Owner,2-5yrs,No defect,Other,Two-way (divided with broken lines road marking),Tangent road with flat terrain,,Asphalt roads,Wet or damp,Darkness - lights lit,Raining,Vehicle with vehicle collision,2,1,Going straight,na,na,na,na,Driver,Normal,Not a Pedestrian,Changing lane to the right,Slight Injury
Sunday,Over 51,Male,Junior high school,Employee,Below 1yr,Automobile,Governmental,2-5yrs,No defect,Other,Two-way (divided with broken lines road marking),Tangent road with flat terrain,,Asphalt roads,Dry,Daylight,Normal,Vehicle with vehicle collision,2,1,Going straight,Driver or rider,Female,18-30,3,Employee,Normal,Not a Pedestrian,Changing lane to the left,Slight Injury
Sunday,18-30,Male,Junior high school,Employee,2-5yr,Automobile,Owner,Unknown,No defect,Residential areas,Two-way (divided with broken lines road marking),Tangent road with flat terrain,,Asphalt roads,Dry,Daylight,Normal,Vehicle with vehicle collision,2,1,Going straight,na,na,na,na,Driver,Normal,Not a Pedestrian,No distancing,Slight Injury
Sunday,18-30,Male,Junior high school,Employee,,Automobile,Owner,5-10yrs,No defect, Industrial areas,Undivided Two way,Tangent road with flat terrain,,Earth roads,Dry,Daylight,Normal,Vehicle with vehicle collision,2,1,Going straight,Driver or rider,Male,18-30,2,Driver,Normal,Not a Pedestrian,Overturning,Slight Injury
Sunday,18-30,Female,Above high school,Employee,1-2yr,Lorry (41?100Q),Owner,2-5yrs,No defect,Other,Undivided Two way,Steep grade downward with mountainous terrain,,Asphalt roads,Dry,Daylight,Normal,Vehicle with vehicle collision,2,1,Reversing,Driver or rider,Male,31-50,3,Driver,Normal,Not a Pedestrian,No priority to vehicle,Slight Injury
Sunday,Unknown,Male,Junior high school,Employee,1-2yr,Other,Owner,1-2yr,No defect,Office areas,Undivided Two way,Tangent road with flat terrain,,,Wet or damp,Daylight,Normal,Vehicle with vehicle collision,1,1,Going straight,na,na,na,na,Driver,Normal,Not a Pedestrian,Moving Backward,Slight Injury
Sunday,31-50,Male,Junior high school,Employee,1-2yr,Pick up upto 10Q,Organization,2-5yrs,No defect,Other,Two-way (divided with broken lines road marking),Tangent road with mountainous terrain and,,,Dry,Daylight,Normal,Vehicle with vehicle collision,2,1,Going straight,na,na,na,na,Driver,Normal,Not a Pedestrian,Driving under the influence of drugs,Slight Injury
Sunday,31-50,Male,Unknown,Employee,5-10yr,Pick up upto 10Q,Governmental,1-2yr,,Other,Undivided Two way,Tangent road with flat terrain,,Asphalt roads,Dry,Daylight,Normal,Vehicle with vehicle collision,2,1,Going straight,Driver or rider,Male,31-50,3,Driver,Normal,Not a Pedestrian,Moving Backward,Slight Injury
Saturday,31-50,Male,Junior high school,Employee,Above 10yr,Automobile,Owner,Unknown,No defect,Other,Two-way (divided with broken lines road marking),Tangent road with flat terrain,,Earth roads,Wet or damp,Darkness - lights lit,Normal,Vehicle with vehicle collision,2,2,Going straight,na,na,na,na,Employee,Normal,Not a Pedestrian,Changing lane to the right,Slight Injury
Sunday,31-50,Male,Junior high school,Employee,Above 10yr,Long lorry,Owner,2-5yrs,No defect,Other,Double carriageway (median),Tangent road with flat terrain,,Asphalt roads,Wet or damp,Darkness - lights lit,Normal,Vehicle with vehicle collision,2,2,Getting off,Driver or rider,Male,18-30,3,Driver,Normal,Not a Pedestrian,Overspeed,Slight Injury
Sunday,18-30,Male,Junior high school,Employee,5-10yr,Automobile,Owner,Unknown,7,Office areas,Undivided Two way,Tangent road with flat terrain,,Asphalt roads,Dry,Daylight,Normal,Vehicle with vehicle collision,3,1,Going straight,Pedestrian,Female,18-30,3,Employee,Normal,Crossing from nearside - masked by parked or statioNot a Pedestrianry vehicle,Driving under the influence of drugs,Slight Injury
Sunday,18-30,Unknown,Junior high school,Employee,2-5yr,Public (13?45 seats),Governmental,1-2yr,No defect,Other,Two-way (divided with broken lines road marking),Tangent road with flat terrain,,Earth roads,Dry,Daylight,Normal,Vehicle with vehicle collision,3,1,Going straight,Driver or rider,Male,31-50,3,Self-employed,Normal,Not a Pedestrian,Driving carelessly,Slight Injury
Friday,18-30,Male,Junior high school,Employee,Below 1yr,Lorry (41?100Q),,,,,other,Tangent road with flat terrain,,Asphalt roads,Dry,Daylight,Normal,Vehicle with vehicle collision,3,1,Going straight,Passenger,Female,31-50,3,Driver,Normal,Not a Pedestrian,No distancing,Slight Injury
Friday,31-50,Male,Junior high school,Employee,1-2yr,Public (13?45 seats),Organization,Unknown,No defect,Other,Two-way (divided with broken lines road marking),Tangent road with flat terrain,,Asphalt roads,Dry,Daylight,Normal,Vehicle with vehicle collision,2,1,Going straight,Driver or rider,Female,18-30,3,Driver,Normal,Not a Pedestrian,No priority to vehicle,Slight Injury
Tuesday,Under 18,Female,Junior high school,Employee,5-10yr,Other,Owner,Above 10yr,,Other,other,Steep grade downward with mountainous terrain,,Asphalt roads,Dry,Daylight,Normal,Collision with roadside objects,2,1,Reversing,Passenger,Female,31-50,3,Self-employed,Normal,Not a Pedestrian,Overspeed,Slight Injury
Tuesday,18-30,Male,Junior high school,Employee,Below 1yr,Lorry (41?100Q),Owner,Unknown,,Office areas,Undivided Two way,Tangent road with flat terrain,,Asphalt roads,Dry,Daylight,Normal,Vehicle with vehicle collision,2,3,Moving Backward,Pedestrian,Male,Over 51,3,Self-employed,Normal,Crossing from nearside - masked by parked or statioNot a Pedestrianry vehicle,Driving under the influence of drugs,Slight Injury
Thursday,31-50,Male,Elementary school,Employee,5-10yr,Lorry (41?100Q),Owner,Unknown,No defect,Office areas,One way,Tangent road with flat terrain,,Asphalt roads,Dry,Daylight,Normal,Vehicle with vehicle collision,2,3,Going straight,Pedestrian,Male,5,3,Driver,Normal,Crossing from driver's nearside,Changing lane to the right,Slight Injury
Thursday,18-30,Male,Junior high school,Employee,2-5yr,Long lorry,Owner,Above 10yr,No defect, Church areas,other,Tangent road with flat terrain,,Asphalt roads,Dry,Daylight,Normal,Vehicle with vehicle collision,2,3,Going straight,Driver or rider,Male,Under 18,3,Driver,Normal,Not a Pedestrian,Changing lane to the right,Slight Injury
Tuesday,18-30,Male,Junior high school,Employee,5-10yr,Pick up upto 10Q,Owner,,No defect,Office areas,Double carriageway (median),Tangent road with flat terrain,,Asphalt roads,Dry,Darkness - lights lit,Normal,Vehicle with vehicle collision,1,1,Going straight,Passenger,Male,Under 18,3,Self-employed,Normal,Not a Pedestrian,Changing lane to the right,Slight Injury
Tuesday,31-50,Male,Elementary school,Employee,5-10yr,Pick up upto 10Q,Owner,Above 10yr,No defect,Office areas,other,Tangent road with flat terrain,,Asphalt roads,Dry,Daylight,Normal,Collision with pedestrians,2,1,Going straight,Passenger,Female,31-50,3,Self-employed,Normal,Not a Pedestrian,Changing lane to the right,Slight Injury
Tuesday,31-50,Male,Junior high school,Employee,Above 10yr,Lorry (41?100Q),Owner,Unknown,No defect,Office areas,Two-way (divided with broken lines road marking),Tangent road with flat terrain,,Asphalt roads,Dry,Daylight,Normal,Vehicle with vehicle collision,2,1,Going straight,na,na,na,na,Driver,Normal,Not a Pedestrian,Moving Backward,Slight Injury
Sunday,18-30,Male,Junior high school,Employee,1-2yr,Lorry (41?100Q),Owner,Unknown,No defect,Office areas,One way,Tangent road with flat terrain,,Asphalt roads,Wet or damp,Daylight,Raining,Vehicle with vehicle collision,2,1,Going straight,na,na,na,na,Driver,Normal,Not a Pedestrian,No distancing,Slight Injury
Sunday,Over 51,Male,High school,Employee,Below 1yr,Automobile,Owner,2-5yrs,No defect,Residential areas,Undivided Two way,Tangent road with flat terrain,,Asphalt roads,Wet or damp,Daylight,Raining,Vehicle with vehicle collision,2,1,Turnover,Driver or rider,Male,18-30,3,Driver,Normal,Not a Pedestrian,Overspeed,Slight Injury
Monday,Over 51,Male,Elementary school,Employee,Above 10yr,Other,Owner,Above 10yr,No defect,Residential areas,other,Tangent road with flat terrain,,Asphalt roads,Wet or damp,Daylight,Raining,Vehicle with vehicle collision,2,1,Going straight,na,na,na,na,Driver,Normal,Not a Pedestrian,No distancing,Slight Injury
Monday,Over 51,Male,High school,Owner,1-2yr,,Owner,5-10yrs,,Residential areas,Undivided Two way,Tangent road with flat terrain,,Asphalt roads with some distress,Wet or damp,Daylight,Raining,Vehicle with vehicle collision,2,1,Other,Driver or rider,Male,Under 18,3,,,Not a Pedestrian,Driving carelessly,Slight Injury
Wednesday,31-50,Male,Junior high school,Employee,2-5yr,Other,Owner,5-10yrs,,Office areas,Double carriageway (median),Tangent road with flat terrain,,Asphalt roads,Dry,Daylight,Normal,Vehicle with vehicle collision,2,2,Going straight,Passenger,Female,Over 51,2,,Normal,Not a Pedestrian,No distancing,Slight Injury
Monday,31-50,Male,,Employee,5-10yr,Automobile,Owner,Unknown,No defect,Residential areas,Two-way (divided with broken lines road marking),Steep grade downward with mountainous terrain,,Asphalt roads,Dry,Daylight,Normal,Vehicle with vehicle collision,2,2,Going straight,na,na,na,na,Driver,Normal,Not a Pedestrian,No distancing,Slight Injury
Monday,31-50,Male,High school,Owner,2-5yr,Pick up upto 10Q,Governmental,Unknown,No defect,Other,Two-way (divided with broken lines road marking),Tangent road with flat terrain,,Asphalt roads,Wet or damp,Darkness - lights lit,Normal,Vehicle with vehicle collision,2,1,Going straight,Pedestrian,Male,Over 51,3,,,Not a Pedestrian,No distancing,Slight Injury
Monday,Unknown,Female,High school,Employee,Above 10yr,Automobile,Governmental,Below 1yr,No defect,Other,Two-way (divided with broken lines road marking),Tangent road with flat terrain,,Asphalt roads,Wet or damp,Darkness - lights lit,Normal,Collision with pedestrians,2,1,Going straight,na,na,na,na,,,Not a Pedestrian,Changing lane to the right,Slight Injury
Wednesday,Over 51,Male,Junior high school,Employee,1-2yr,Public (12 seats),Owner,,,Other,Two-way (divided with broken lines road marking),,,Asphalt roads,Wet or damp,Daylight,Raining,Vehicle with vehicle collision,2,2,Going straight,Driver or rider,Male,18-30,3,,,Not a Pedestrian,No distancing,Slight Injury
Tuesday,18-30,Female,Elementary school,Employee,1-2yr,Automobile,Owner,Unknown,No defect,School areas,Double carriageway (median),Tangent road with flat terrain,,Asphalt roads,Wet or damp,Daylight,Raining,Vehicle with vehicle collision,2,2,Moving Backward,Passenger,Female,5,3,Driver,Normal,Not a Pedestrian,No priority to vehicle,Slight Injury
Tuesday,18-30,Male,High school,Employee,1-2yr,Other,Owner,Unknown,No defect,School areas,Double carriageway (median),Tangent road with flat terrain,,Asphalt roads,Wet or damp,Daylight,Raining,Vehicle with vehicle collision,2,2,Moving Backward,na,na,na,na,,,Not a Pedestrian,Changing lane to the left,Slight Injury
Tuesday,Under 18,Male,Above high school,Employee,5-10yr,Public (12 seats),Owner,2-5yrs,No defect,School areas,Undivided Two way,Tangent road with flat terrain,,Asphalt roads,Wet or damp,Darkness - lights lit,Cloudy,Vehicle with vehicle collision,2,1,Moving Backward,Driver or rider,Male,18-30,3,,,Not a Pedestrian,Moving Backward,Slight Injury
Tuesday,Under 18,Male,,,,Stationwagen,Owner,Unknown,No defect,Residential areas,One way,Tangent road with flat terrain,,Asphalt roads,Wet or damp,Darkness - lights lit,Cloudy,Collision with roadside objects,2,1,Other,Driver or rider,Male,Under 18,3,Driver,Normal,Not a Pedestrian,Driving carelessly,Slight Injury
Tuesday,Under 18,Male,Junior high school,Employee,5-10yr,Lorry (41?100Q),Owner,Unknown,No defect,Other,Undivided Two way,Tangent road with flat terrain,,Asphalt roads,Wet or damp,Darkness - lights lit,Raining,Vehicle with vehicle collision,2,1,Going straight,na,na,na,na,Driver,Normal,Not a Pedestrian,Changing lane to the left,Slight Injury
Tuesday,31-50,Male,Elementary school,Owner,5-10yr,Lorry (41?100Q),Owner,Unknown,No defect,Office areas,Two-way (divided with broken lines road marking),Tangent road with flat terrain,,Asphalt roads,Wet or damp,Darkness - lights lit,Raining,Vehicle with vehicle collision,2,1,Unknown,Driver or rider,Male,31-50,3,Driver,Normal,Not a Pedestrian,No priority to pedestrian,Slight Injury
Tuesday,18-30,Male,Elementary school,Employee,5-10yr,Lorry (41?100Q),Owner,5-10yrs,No defect,Other,Two-way (divided with broken lines road marking),Tangent road with flat terrain,,Asphalt roads,Wet or damp,Daylight,Raining,Vehicle with vehicle collision,2,2,Turnover,na,na,na,na,Driver,Normal,Not a Pedestrian,No distancing,Slight Injury
Saturday,31-50,Male,High school,Owner,5-10yr,Automobile,Owner,Above 10yr,No defect,School areas,Undivided Two way,Tangent road with flat terrain,,Asphalt roads,Wet or damp,Daylight,Raining,Vehicle with vehicle collision,2,2,Getting off,Driver or rider,Male,18-30,3,,,Not a Pedestrian,No distancing,Slight Injury
Saturday,18-30,Male,Junior high school,Employee,5-10yr,Lorry (41?100Q),Owner,5-10yrs,No defect,Other,Double carriageway (median),Tangent road with flat terrain,,Asphalt roads,Wet or damp,Daylight,Raining,Vehicle with vehicle collision,2,2,Going straight,na,na,na,na,Driver,Normal,Not a Pedestrian,Overturning,Slight Injury
Friday,Over 51,Male,Junior high school,Owner,1-2yr,,Owner,2-5yrs,No defect, Industrial areas,Two-way (divided with broken lines road marking),Tangent road with flat terrain,,Asphalt roads,Wet or damp,Daylight,Raining,Vehicle with vehicle collision,1,1,Going straight,Driver or rider,Female,31-50,3,,,Not a Pedestrian,No distancing,Serious Injury
Friday,Over 51,Male,Junior high school,Employee,2-5yr,Public (12 seats),Owner,2-5yrs,No defect,Other,Two-way (divided with broken lines road marking),Tangent road with flat terrain,,Asphalt roads,Dry,Daylight,Normal,Vehicle with vehicle collision,3,2,Going straight,na,na,na,na,,,Not a Pedestrian,Drunk driving,Slight Injury
Friday,Over 51,Male,Junior high school,Owner,5-10yr,Automobile,Owner,Unknown,No defect,Office areas,Two-way (divided with broken lines road marking),Tangent road with flat terrain,,Asphalt roads,Dry,Daylight,Normal,Collision with roadside objects,3,2,Turnover,Driver or rider,Male,18-30,3,,,Not a Pedestrian,Moving Backward,Slight Injury
Friday,Over 51,Male,Junior high school,Owner,Above 10yr,Stationwagen,Owner,Unknown,No defect,Other,Two-way (divided with broken lines road marking),Tangent road with flat terrain,,Asphalt roads,Dry,Daylight,Normal,Vehicle with vehicle collision,3,2,Reversing,na,na,na,na,,,Not a Pedestrian,No priority to pedestrian,Slight Injury
Friday,Over 51,Male,High school,Employee,5-10yr,Automobile,Owner,Unknown,No defect,Other,Two-way (divided with broken lines road marking),Tangent road with flat terrain,,Asphalt roads,Dry,Daylight,Normal,Vehicle with vehicle collision,3,2,Moving Backward,Driver or rider,Female,31-50,3,,,Not a Pedestrian,Changing lane to the left,Slight Injury
Friday,18-30,Male,High school,Owner,2-5yr,Lorry (41?100Q),Organization,Above 10yr,No defect, Outside rural areas,Undivided Two way,Tangent road with flat terrain,,Gravel roads,Dry,Daylight,Normal,Vehicle with vehicle collision,1,1,Other,na,na,na,na,Driver,Normal,Not a Pedestrian,Changing lane to the left,Slight Injury
Friday,18-30,Male,Junior high school,Employee,5-10yr,Other,Owner,Unknown,No defect,Other,other,Tangent road with flat terrain,,Asphalt roads,Wet or damp,Darkness - lights lit,Windy,Vehicle with vehicle collision,1,1,Going straight,Driver or rider,Female,31-50,3,Driver,Normal,Not a Pedestrian,Getting off the vehicle improperly,Slight Injury
Friday,18-30,Male,Elementary school,Employee,2-5yr,Pick up upto 10Q,Owner,Above 10yr,No defect,Residential areas,Two-way (divided with broken lines road marking),Tangent road with flat terrain,,Asphalt roads,Dry,Darkness - lights lit,Normal,Rollover,1,1,Going straight,na,na,na,na,Driver,Normal,Not a Pedestrian,No distancing,Serious Injury
Saturday,Over 51,Male,Elementary school,Employee,5-10yr,,Owner,Above 10yr,,Office areas,Two-way (divided with broken lines road marking),Tangent road with flat terrain,,Asphalt roads,Wet or damp,Darkness - lights lit,Normal,Vehicle with vehicle collision,2,5,Going straight,Driver or rider,Male,18-30,3,Driver,Normal,Not a Pedestrian,Changing lane to the right,Slight Injury
Thursday,31-50,Male,Junior high school,Employee,1-2yr,Lorry (41?100Q),Owner,Unknown,,Office areas,Double carriageway (median),Tangent road with flat terrain,,Asphalt roads,Wet or damp,Darkness - lights lit,Normal,Vehicle with vehicle collision,2,5,Going straight,na,na,na,na,Driver,Normal,Not a Pedestrian,Changing lane to the right,Slight Injury
Monday,Over 51,Male,Junior high school,Employee,5-10yr,Automobile,,2-5yrs,, Hospital areas,One way,,,Asphalt roads,Wet or damp,Darkness - lights lit,Normal,Collision with roadside objects,2,5,Going straight,Pedestrian,Female,Over 51,3,Driver,Normal,Not a Pedestrian,Moving Backward,Slight Injury
Monday,18-30,Male,,,,Public (13?45 seats),Owner,Unknown,, Industrial areas,Two-way (divided with broken lines road marking),Tangent road with flat terrain,,Asphalt roads,Wet or damp,Darkness - lights lit,Normal,Vehicle with vehicle collision,2,5,Going straight,Pedestrian,Male,31-50,3,,,Not a Pedestrian,Driving at high speed,Slight Injury
Sunday,31-50,Male,Elementary school,Employee,Above 10yr,Automobile,Owner,2-5yrs,No defect,Other,Undivided Two way,Tangent road with flat terrain,,Asphalt roads,Wet or damp,Darkness - lights lit,Normal,Vehicle with vehicle collision,2,5,Going straight,Driver or rider,Male,31-50,3,Driver,Normal,Not a Pedestrian,Changing lane to the left,Slight Injury
Sunday,Unknown,Male,Elementary school,Employee,Below 1yr,Lorry (41?100Q),Owner,,,Office areas,Undivided Two way,Tangent road with flat terrain,,Asphalt roads,Wet or damp,Darkness - lights lit,Raining,Vehicle with vehicle collision,2,1,Going straight,na,na,na,na,,,Not a Pedestrian,Changing lane to the right,Slight Injury
Monday,Under 18,Male,Junior high school,Employee,2-5yr,Public (12 seats),Owner,Unknown,No defect,Office areas,other,Tangent road with flat terrain,,Asphalt roads,Wet or damp,Darkness - lights lit,Raining,Collision with roadside objects,2,1,Going straight,Driver or rider,Male,18-30,3,Driver,Normal,Not a Pedestrian,No distancing,Slight Injury
Monday,18-30,Male,Elementary school,Owner,1-2yr,Motorcycle,Owner,Unknown,,Residential areas,Two-way (divided with broken lines road marking),Tangent road with flat terrain,,Asphalt roads,Wet or damp,Daylight,Raining,Collision with roadside objects,2,1,Other,Passenger,Male,18-30,3,Driver,Normal,Not a Pedestrian,Changing lane to the right,Slight Injury
Saturday,18-30,Male,Junior high school,Owner,5-10yr,Public (12 seats),Owner,Unknown,,Residential areas,,Tangent road with flat terrain,,Asphalt roads,Wet or damp,Daylight,Raining,Vehicle with vehicle collision,2,1,Moving Backward,na,na,na,na,Driver,Normal,Not a Pedestrian,Changing lane to the right,Slight Injury
Saturday,31-50,Male,Junior high school,Employee,2-5yr,Lorry (41?100Q),Owner,Unknown,No defect,School areas,Two-way (divided with broken lines road marking),Tangent road with flat terrain,,Asphalt roads,Wet or damp,Darkness - lights lit,Unknown,Vehicle with vehicle collision,2,1,Going straight,Driver or rider,Male,18-30,3,,,Not a Pedestrian,No distancing,Slight Injury